{"stats":{"minecraft:used":{"minecraft:moss_block":6,"minecraft:water_bucket":3,"minecraft:stone_pickaxe":92,"minecraft:oak_planks":37,"minecraft:netherrack":1,"minecraft:wooden_pickaxe":24,"minecraft:shield":80,"minecraft:iron_sword":256,"minecraft:rotten_flesh":19,"minecraft:iron_chestplate":1,"minecraft:torch":9,"minecraft:glow_berries":52,"minecraft:dirt":43,"minecraft:crafting_table":5,"minecraft:granite":1,"minecraft:lava_bucket":1,"minecraft:melon_slice":88,"minecraft:string":1,"minecraft:iron_pickaxe":55,"minecraft:jungle_log":2,"minecraft:crimson_planks":8,"minecraft:gravel":4,"minecraft:stone_axe":86,"minecraft:cobblestone":89,"minecraft:furnace":3,"minecraft:cooked_porkchop":1,"minecraft:bucket":5,"minecraft:andesite":1,"minecraft:cobbled_deepslate":21,"minecraft:iron_leggings":1},"minecraft:mined":{"minecraft:nether_gold_ore":12,"minecraft:deepslate_diamond_ore":6,"minecraft:jungle_leaves":2,"minecraft:nether_bricks":2,"minecraft:torch":1,"minecraft:oak_fence":2,"minecraft:clay":1,"minecraft:crafting_table":4,"minecraft:cave_vines_plant":2,"minecraft:granite":1,"minecraft:melon":5,"minecraft:crimson_roots":1,"minecraft:jungle_log":7,"minecraft:tall_grass":1,"minecraft:cobblestone":9,"minecraft:moss_block":7,"minecraft:oak_planks":11,"minecraft:nether_wart":20,"minecraft:wall_torch":2,"minecraft:furnace":3,"minecraft:fire":7,"minecraft:iron_ore":41,"minecraft:andesite":2,"minecraft:moss_carpet":1,"minecraft:nether_brick_fence":4,"minecraft:grass":13,"minecraft:oak_log":14,"minecraft:coal_ore":22,"minecraft:cave_vines":6,"minecraft:vine":1,"minecraft:gravel":4,"minecraft:dirt":2,"minecraft:azalea":1,"minecraft:stone":33,"minecraft:netherrack":20,"minecraft:oak_leaves":8,"minecraft:fern":2},"minecraft:broken":{"minecraft:stone_axe":1},"minecraft:killed":{"minecraft:magma_cube":1,"minecraft:piglin":2,"minecraft:zombie_villager":2,"minecraft:spider":4,"minecraft:skeleton":8,"minecraft:zombie":18,"minecraft:wither_skeleton":6,"minecraft:blaze":17},"minecraft:picked_up":{"minecraft:crafting_table":5,"minecraft:nether_brick_fence":3,"minecraft:nether_wart":26,"minecraft:andesite":2,"minecraft:jungle_log":8,"minecraft:wooden_pickaxe":1,"minecraft:crimson_planks":8,"minecraft:oak_log":15,"minecraft:gunpowder":2,"minecraft:dirt":43,"minecraft:string":1,"minecraft:moss_carpet":19,"minecraft:bone":12,"minecraft:wheat_seeds":13,"minecraft:gold_nugget":47,"minecraft:cobbled_deepslate":21,"minecraft:azalea":1,"minecraft:bamboo":8,"minecraft:moss_block":6,"minecraft:melon_slice":92,"minecraft:oak_planks":12,"minecraft:furnace":3,"minecraft:stick":16,"minecraft:raw_iron":51,"minecraft:cooked_porkchop":3,"minecraft:oak_fence":4,"minecraft:torch":3,"minecraft:gravel":4,"minecraft:jungle_planks":29,"minecraft:spider_eye":1,"minecraft:arrow":9,"minecraft:rotten_flesh":30,"minecraft:diamond":6,"minecraft:tropical_fish":4,"minecraft:nether_bricks":2,"minecraft:granite":1,"minecraft:netherrack":18,"minecraft:oak_sapling":2,"minecraft:blaze_rod":9,"minecraft:glow_berries":17,"minecraft:coal":48,"minecraft:rail":1,"minecraft:cobblestone":53},"minecraft:dropped":{"minecraft:moss_carpet":18,"minecraft:wheat_seeds":13,"minecraft:oak_fence":4,"minecraft:rotten_flesh":1,"minecraft:jungle_planks":3,"minecraft:rail":1,"minecraft:azalea":1,"minecraft:bamboo":1,"minecraft:arrow":9},"minecraft:custom":{"minecraft:interact_with_furnace":19,"minecraft:mob_kills":59,"minecraft:interact_with_crafting_table":15,"minecraft:leave_game":6,"minecraft:time_since_death":5551,"minecraft:climb_one_cm":9800,"minecraft:time_since_rest":5576,"minecraft:sprint_one_cm":328344,"minecraft:damage_taken":5886,"minecraft:walk_one_cm":283074,"minecraft:damage_blocked_by_shield":2555,"minecraft:drop":25,"minecraft:damage_dealt":12439,"minecraft:swim_one_cm":6710,"minecraft:fly_one_cm":251785,"minecraft:open_chest":14,"minecraft:play_time":134846,"minecraft:crouch_one_cm":31913,"minecraft:deaths":15,"minecraft:sneak_time":11926,"minecraft:walk_under_water_one_cm":10842,"minecraft:jump":2290,"minecraft:walk_on_water_one_cm":15786,"minecraft:total_world_time":134846,"minecraft:fall_one_cm":90095},"minecraft:killed_by":{"minecraft:player":1,"minecraft:wither_skeleton":3,"minecraft:hoglin":2,"minecraft:skeleton":3,"minecraft:creeper":1,"minecraft:blaze":1},"minecraft:crafted":{"minecraft:oak_planks":60,"minecraft:crafting_table":2,"minecraft:wooden_pickaxe":1,"minecraft:iron_helmet":1,"minecraft:iron_sword":1,"minecraft:furnace":1,"minecraft:bucket":1,"minecraft:stone_axe":1,"minecraft:air":0,"minecraft:jungle_planks":24,"minecraft:iron_chestplate":1,"minecraft:shield":1,"minecraft:stick":11,"minecraft:iron_ingot":23,"minecraft:iron_pickaxe":1,"minecraft:stone_pickaxe":1,"minecraft:iron_leggings":1,"minecraft:torch":8}},"DataVersion":3337}