{"stats":{"minecraft:used":{"minecraft:melon_slice":2},"minecraft:mined":{"minecraft:grass":7,"minecraft:vine":1,"minecraft:jungle_log":7,"minecraft:jungle_leaves":2},"minecraft:picked_up":{"minecraft:crafting_table":1,"minecraft:stick":1,"minecraft:jungle_log":6,"minecraft:wheat_seeds":2,"minecraft:jungle_planks":16,"minecraft:melon_slice":7},"minecraft:dropped":{"minecraft:wheat_seeds":2},"minecraft:custom":{"minecraft:time_since_rest":2238,"minecraft:crouch_one_cm":71,"minecraft:play_time":10590,"minecraft:sprint_one_cm":672,"minecraft:damage_taken":471,"minecraft:deaths":1,"minecraft:walk_one_cm":7782,"minecraft:sneak_time":341,"minecraft:drop":2,"minecraft:jump":68,"minecraft:damage_dealt":228,"minecraft:leave_game":1,"minecraft:time_since_death":2211,"minecraft:total_world_time":10590,"minecraft:climb_one_cm":2774,"minecraft:fall_one_cm":4229,"minecraft:fly_one_cm":1620},"minecraft:crafted":{"minecraft:crafting_table":1,"minecraft:stick":8,"minecraft:jungle_planks":24},"minecraft:killed_by":{"minecraft:player":1}},"DataVersion":3337}