{"stats":{"minecraft:used":{"minecraft:melon_slice":9,"minecraft:stone_pickaxe":53,"minecraft:shield":4,"minecraft:wooden_pickaxe":20,"minecraft:stone_axe":19,"minecraft:iron_chestplate":1,"minecraft:glow_berries":14,"minecraft:crafting_table":3,"minecraft:furnace":2,"minecraft:andesite":1},"minecraft:mined":{"minecraft:furnace":2,"minecraft:iron_ore":22,"minecraft:jungle_leaves":2,"minecraft:andesite":1,"minecraft:crafting_table":2,"minecraft:grass":7,"minecraft:coal_ore":22,"minecraft:vine":1,"minecraft:jungle_log":7,"minecraft:tall_grass":1,"minecraft:stone":19,"minecraft:oak_planks":9,"minecraft:moss_block":6},"minecraft:killed":{"minecraft:skeleton":1,"minecraft:zombie":1},"minecraft:picked_up":{"minecraft:raw_iron":22,"minecraft:stick":16,"minecraft:crafting_table":3,"minecraft:jungle_log":6,"minecraft:andesite":1,"minecraft:oak_fence":2,"minecraft:wooden_pickaxe":1,"minecraft:jungle_planks":29,"minecraft:arrow":2,"minecraft:bone":1,"minecraft:rotten_flesh":2,"minecraft:wheat_seeds":2,"minecraft:bamboo":8,"minecraft:melon_slice":13,"minecraft:moss_block":6,"minecraft:glow_berries":1,"minecraft:oak_planks":10,"minecraft:coal":28,"minecraft:rail":1,"minecraft:cobblestone":29,"minecraft:furnace":2},"minecraft:dropped":{"minecraft:wheat_seeds":2},"minecraft:custom":{"minecraft:time_since_rest":16137,"minecraft:interact_with_furnace":6,"minecraft:sprint_one_cm":52336,"minecraft:damage_taken":821,"minecraft:walk_one_cm":57019,"minecraft:damage_blocked_by_shield":145,"minecraft:mob_kills":3,"minecraft:drop":2,"minecraft:damage_dealt":964,"minecraft:swim_one_cm":2637,"minecraft:interact_with_crafting_table":6,"minecraft:fly_one_cm":14274,"minecraft:crouch_one_cm":1652,"minecraft:play_time":28787,"minecraft:deaths":2,"minecraft:sneak_time":863,"minecraft:walk_under_water_one_cm":2114,"minecraft:jump":261,"minecraft:leave_game":5,"minecraft:time_since_death":16111,"minecraft:walk_on_water_one_cm":2690,"minecraft:total_world_time":28787,"minecraft:climb_one_cm":3099,"minecraft:fall_one_cm":8032},"minecraft:killed_by":{"minecraft:player":1,"minecraft:skeleton":1},"minecraft:crafted":{"minecraft:iron_chestplate":1,"minecraft:shield":1,"minecraft:crafting_table":2,"minecraft:stick":8,"minecraft:wooden_pickaxe":1,"minecraft:iron_ingot":9,"minecraft:stone_pickaxe":1,"minecraft:furnace":1,"minecraft:torch":8,"minecraft:stone_axe":1,"minecraft:air":0,"minecraft:jungle_planks":24}},"DataVersion":3337}