{"stats":{"minecraft:mined":{"minecraft:jungle_leaves":2,"minecraft:oak_fence":2,"minecraft:clay":1,"minecraft:crafting_table":2,"minecraft:cave_vines_plant":1,"minecraft:jungle_log":7,"minecraft:tall_grass":1,"minecraft:moss_block":7,"minecraft:oak_planks":10,"minecraft:wall_torch":1,"minecraft:furnace":2,"minecraft:iron_ore":26,"minecraft:andesite":1,"minecraft:grass":7,"minecraft:coal_ore":22,"minecraft:cave_vines":1,"minecraft:vine":1,"minecraft:gravel":4,"minecraft:dirt":2,"minecraft:azalea":1,"minecraft:stone":28},"minecraft:used":{"minecraft:moss_block":6,"minecraft:stone_pickaxe":68,"minecraft:wooden_pickaxe":24,"minecraft:shield":10,"minecraft:rotten_flesh":5,"minecraft:iron_chestplate":1,"minecraft:torch":1,"minecraft:glow_berries":32,"minecraft:dirt":1,"minecraft:crafting_table":3,"minecraft:melon_slice":9,"minecraft:gravel":4,"minecraft:stone_axe":46,"minecraft:furnace":2,"minecraft:andesite":1},"minecraft:killed":{"minecraft:skeleton":2,"minecraft:zombie":4},"minecraft:picked_up":{"minecraft:crafting_table":3,"minecraft:andesite":1,"minecraft:jungle_log":6,"minecraft:wooden_pickaxe":1,"minecraft:dirt":1,"minecraft:bone":1,"minecraft:wheat_seeds":2,"minecraft:bamboo":8,"minecraft:moss_block":6,"minecraft:melon_slice":13,"minecraft:oak_planks":11,"minecraft:furnace":2,"minecraft:stick":16,"minecraft:raw_iron":26,"minecraft:oak_fence":4,"minecraft:torch":1,"minecraft:gravel":4,"minecraft:jungle_planks":29,"minecraft:arrow":2,"minecraft:rotten_flesh":9,"minecraft:glow_berries":5,"minecraft:coal":28,"minecraft:rail":1,"minecraft:cobblestone":38},"minecraft:dropped":{"minecraft:wheat_seeds":2},"minecraft:custom":{"minecraft:interact_with_furnace":6,"minecraft:mob_kills":7,"minecraft:interact_with_crafting_table":6,"minecraft:leave_game":5,"minecraft:time_since_death":28111,"minecraft:climb_one_cm":3411,"minecraft:time_since_rest":28137,"minecraft:sprint_one_cm":136806,"minecraft:damage_taken":1111,"minecraft:walk_one_cm":106193,"minecraft:damage_blocked_by_shield":325,"minecraft:drop":2,"minecraft:damage_dealt":1766,"minecraft:swim_one_cm":2637,"minecraft:fly_one_cm":20756,"minecraft:crouch_one_cm":2214,"minecraft:play_time":40787,"minecraft:deaths":2,"minecraft:sneak_time":1285,"minecraft:walk_under_water_one_cm":2418,"minecraft:jump":410,"minecraft:walk_on_water_one_cm":10311,"minecraft:total_world_time":40787,"minecraft:fall_one_cm":9686},"minecraft:crafted":{"minecraft:crafting_table":2,"minecraft:wooden_pickaxe":1,"minecraft:furnace":1,"minecraft:stone_axe":1,"minecraft:air":0,"minecraft:jungle_planks":24,"minecraft:iron_chestplate":1,"minecraft:shield":1,"minecraft:stick":8,"minecraft:iron_ingot":9,"minecraft:stone_pickaxe":1,"minecraft:torch":8},"minecraft:killed_by":{"minecraft:player":1,"minecraft:skeleton":1}},"DataVersion":3337}