{"stats":{"minecraft:mined":{"minecraft:deepslate_diamond_ore":6,"minecraft:jungle_leaves":2,"minecraft:oak_fence":2,"minecraft:clay":1,"minecraft:crafting_table":4,"minecraft:cave_vines_plant":2,"minecraft:granite":1,"minecraft:melon":5,"minecraft:crimson_roots":1,"minecraft:jungle_log":7,"minecraft:tall_grass":1,"minecraft:cobblestone":9,"minecraft:moss_block":7,"minecraft:oak_planks":10,"minecraft:wall_torch":1,"minecraft:furnace":3,"minecraft:iron_ore":41,"minecraft:andesite":2,"minecraft:moss_carpet":1,"minecraft:grass":13,"minecraft:oak_log":14,"minecraft:coal_ore":22,"minecraft:cave_vines":6,"minecraft:vine":1,"minecraft:gravel":4,"minecraft:dirt":2,"minecraft:azalea":1,"minecraft:stone":33,"minecraft:oak_leaves":8,"minecraft:fern":2},"minecraft:used":{"minecraft:moss_block":6,"minecraft:water_bucket":3,"minecraft:stone_pickaxe":92,"minecraft:wooden_pickaxe":24,"minecraft:shield":61,"minecraft:iron_sword":109,"minecraft:rotten_flesh":19,"minecraft:iron_chestplate":1,"minecraft:torch":4,"minecraft:glow_berries":52,"minecraft:dirt":8,"minecraft:crafting_table":5,"minecraft:granite":1,"minecraft:lava_bucket":1,"minecraft:melon_slice":40,"minecraft:string":1,"minecraft:iron_pickaxe":17,"minecraft:jungle_log":2,"minecraft:gravel":4,"minecraft:stone_axe":86,"minecraft:cobblestone":75,"minecraft:furnace":3,"minecraft:bucket":5,"minecraft:andesite":1,"minecraft:iron_leggings":1},"minecraft:broken":{"minecraft:stone_axe":1},"minecraft:killed":{"minecraft:piglin":1,"minecraft:zombie_villager":2,"minecraft:spider":4,"minecraft:skeleton":8,"minecraft:zombie":18},"minecraft:picked_up":{"minecraft:crafting_table":5,"minecraft:andesite":2,"minecraft:jungle_log":8,"minecraft:wooden_pickaxe":1,"minecraft:oak_log":15,"minecraft:gunpowder":2,"minecraft:dirt":43,"minecraft:string":1,"minecraft:moss_carpet":19,"minecraft:bone":8,"minecraft:wheat_seeds":13,"minecraft:cobbled_deepslate":21,"minecraft:azalea":1,"minecraft:bamboo":8,"minecraft:moss_block":6,"minecraft:melon_slice":92,"minecraft:oak_planks":11,"minecraft:furnace":3,"minecraft:stick":16,"minecraft:raw_iron":51,"minecraft:oak_fence":4,"minecraft:torch":1,"minecraft:gravel":4,"minecraft:jungle_planks":29,"minecraft:spider_eye":1,"minecraft:arrow":9,"minecraft:rotten_flesh":30,"minecraft:diamond":6,"minecraft:tropical_fish":4,"minecraft:granite":1,"minecraft:oak_sapling":2,"minecraft:glow_berries":17,"minecraft:coal":47,"minecraft:rail":1,"minecraft:cobblestone":53},"minecraft:dropped":{"minecraft:moss_carpet":18,"minecraft:wheat_seeds":13,"minecraft:oak_fence":4,"minecraft:rotten_flesh":1,"minecraft:jungle_planks":3,"minecraft:rail":1,"minecraft:azalea":1,"minecraft:bamboo":1},"minecraft:custom":{"minecraft:interact_with_furnace":19,"minecraft:mob_kills":36,"minecraft:interact_with_crafting_table":15,"minecraft:leave_game":6,"minecraft:time_since_death":461,"minecraft:climb_one_cm":7875,"minecraft:time_since_rest":489,"minecraft:sprint_one_cm":259728,"minecraft:damage_taken":3703,"minecraft:walk_one_cm":221148,"minecraft:damage_blocked_by_shield":2045,"minecraft:drop":24,"minecraft:damage_dealt":7207,"minecraft:swim_one_cm":6710,"minecraft:fly_one_cm":174006,"minecraft:open_chest":9,"minecraft:play_time":110846,"minecraft:crouch_one_cm":23524,"minecraft:deaths":9,"minecraft:sneak_time":8933,"minecraft:walk_under_water_one_cm":10842,"minecraft:jump":1568,"minecraft:walk_on_water_one_cm":15786,"minecraft:total_world_time":110846,"minecraft:fall_one_cm":69901},"minecraft:crafted":{"minecraft:crafting_table":2,"minecraft:wooden_pickaxe":1,"minecraft:iron_helmet":1,"minecraft:iron_sword":1,"minecraft:furnace":1,"minecraft:bucket":1,"minecraft:stone_axe":1,"minecraft:air":0,"minecraft:jungle_planks":24,"minecraft:iron_chestplate":1,"minecraft:shield":1,"minecraft:stick":11,"minecraft:iron_ingot":23,"minecraft:iron_pickaxe":1,"minecraft:stone_pickaxe":1,"minecraft:iron_leggings":1,"minecraft:torch":8},"minecraft:killed_by":{"minecraft:player":1,"minecraft:hoglin":1,"minecraft:skeleton":3,"minecraft:creeper":1}},"DataVersion":3337}