{"stats":{"minecraft:mined":{"minecraft:deepslate_diamond_ore":2,"minecraft:jungle_leaves":2,"minecraft:oak_fence":2,"minecraft:clay":1,"minecraft:crafting_table":3,"minecraft:cave_vines_plant":1,"minecraft:granite":1,"minecraft:jungle_log":7,"minecraft:tall_grass":1,"minecraft:moss_block":7,"minecraft:oak_planks":10,"minecraft:wall_torch":1,"minecraft:furnace":3,"minecraft:iron_ore":33,"minecraft:andesite":1,"minecraft:moss_carpet":1,"minecraft:grass":7,"minecraft:oak_log":14,"minecraft:coal_ore":22,"minecraft:cave_vines":1,"minecraft:vine":1,"minecraft:gravel":4,"minecraft:dirt":2,"minecraft:azalea":1,"minecraft:stone":28},"minecraft:used":{"minecraft:moss_block":6,"minecraft:stone_pickaxe":77,"minecraft:wooden_pickaxe":24,"minecraft:shield":14,"minecraft:iron_sword":15,"minecraft:rotten_flesh":11,"minecraft:iron_chestplate":1,"minecraft:torch":4,"minecraft:glow_berries":44,"minecraft:dirt":1,"minecraft:crafting_table":4,"minecraft:melon_slice":9,"minecraft:iron_pickaxe":3,"minecraft:gravel":4,"minecraft:stone_axe":71,"minecraft:cobblestone":9,"minecraft:furnace":3,"minecraft:andesite":1,"minecraft:iron_leggings":1},"minecraft:killed":{"minecraft:zombie_villager":1,"minecraft:spider":3,"minecraft:skeleton":3,"minecraft:zombie":6},"minecraft:picked_up":{"minecraft:crafting_table":4,"minecraft:andesite":1,"minecraft:jungle_log":6,"minecraft:wooden_pickaxe":1,"minecraft:oak_log":14,"minecraft:string":1,"minecraft:dirt":1,"minecraft:moss_carpet":1,"minecraft:bone":2,"minecraft:wheat_seeds":2,"minecraft:cobbled_deepslate":5,"minecraft:bamboo":8,"minecraft:moss_block":6,"minecraft:melon_slice":13,"minecraft:oak_planks":11,"minecraft:furnace":3,"minecraft:stick":16,"minecraft:raw_iron":43,"minecraft:oak_fence":4,"minecraft:torch":1,"minecraft:gravel":4,"minecraft:jungle_planks":29,"minecraft:arrow":2,"minecraft:rotten_flesh":11,"minecraft:diamond":2,"minecraft:granite":1,"minecraft:glow_berries":13,"minecraft:coal":47,"minecraft:rail":1,"minecraft:cobblestone":38},"minecraft:dropped":{"minecraft:moss_carpet":1,"minecraft:wheat_seeds":2,"minecraft:oak_fence":4,"minecraft:jungle_planks":3,"minecraft:rail":1},"minecraft:custom":{"minecraft:interact_with_furnace":19,"minecraft:mob_kills":14,"minecraft:interact_with_crafting_table":14,"minecraft:leave_game":5,"minecraft:time_since_death":1140,"minecraft:climb_one_cm":4194,"minecraft:time_since_rest":1166,"minecraft:sprint_one_cm":159620,"minecraft:damage_taken":1832,"minecraft:walk_one_cm":138335,"minecraft:damage_blocked_by_shield":460,"minecraft:drop":9,"minecraft:damage_dealt":2997,"minecraft:swim_one_cm":3883,"minecraft:fly_one_cm":45971,"minecraft:crouch_one_cm":2768,"minecraft:play_time":52787,"minecraft:deaths":4,"minecraft:sneak_time":1744,"minecraft:walk_under_water_one_cm":3509,"minecraft:jump":675,"minecraft:walk_on_water_one_cm":10927,"minecraft:total_world_time":52787,"minecraft:fall_one_cm":24908},"minecraft:crafted":{"minecraft:crafting_table":2,"minecraft:wooden_pickaxe":1,"minecraft:iron_helmet":1,"minecraft:iron_sword":1,"minecraft:furnace":1,"minecraft:stone_axe":1,"minecraft:air":0,"minecraft:jungle_planks":24,"minecraft:iron_chestplate":1,"minecraft:shield":1,"minecraft:stick":11,"minecraft:iron_ingot":23,"minecraft:iron_pickaxe":1,"minecraft:stone_pickaxe":1,"minecraft:iron_leggings":1,"minecraft:torch":8},"minecraft:killed_by":{"minecraft:player":1,"minecraft:skeleton":1}},"DataVersion":3337}