{"stats":{"minecraft:used":{"minecraft:melon_slice":9,"minecraft:stone_pickaxe":45,"minecraft:wooden_pickaxe":20,"minecraft:stone_axe":1,"minecraft:iron_chestplate":1,"minecraft:glow_berries":1,"minecraft:crafting_table":3,"minecraft:furnace":2,"minecraft:andesite":1},"minecraft:mined":{"minecraft:furnace":2,"minecraft:iron_ore":14,"minecraft:jungle_leaves":2,"minecraft:andesite":1,"minecraft:crafting_table":2,"minecraft:grass":7,"minecraft:coal_ore":22,"minecraft:vine":1,"minecraft:jungle_log":7,"minecraft:tall_grass":1,"minecraft:stone":19,"minecraft:moss_block":6},"minecraft:picked_up":{"minecraft:raw_iron":14,"minecraft:stick":16,"minecraft:crafting_table":3,"minecraft:jungle_log":6,"minecraft:andesite":1,"minecraft:wooden_pickaxe":1,"minecraft:jungle_planks":29,"minecraft:wheat_seeds":2,"minecraft:bamboo":8,"minecraft:melon_slice":13,"minecraft:moss_block":6,"minecraft:glow_berries":1,"minecraft:coal":28,"minecraft:cobblestone":26,"minecraft:furnace":2},"minecraft:dropped":{"minecraft:wheat_seeds":2},"minecraft:custom":{"minecraft:time_since_rest":8963,"minecraft:interact_with_furnace":6,"minecraft:sprint_one_cm":10449,"minecraft:damage_taken":801,"minecraft:walk_one_cm":30523,"minecraft:drop":2,"minecraft:damage_dealt":228,"minecraft:swim_one_cm":2637,"minecraft:interact_with_crafting_table":6,"minecraft:fly_one_cm":11072,"minecraft:crouch_one_cm":1652,"minecraft:play_time":21613,"minecraft:deaths":2,"minecraft:sneak_time":863,"minecraft:walk_under_water_one_cm":2114,"minecraft:jump":189,"minecraft:leave_game":2,"minecraft:time_since_death":8937,"minecraft:walk_on_water_one_cm":1337,"minecraft:total_world_time":21613,"minecraft:climb_one_cm":3099,"minecraft:fall_one_cm":7823},"minecraft:killed_by":{"minecraft:player":1,"minecraft:skeleton":1},"minecraft:crafted":{"minecraft:iron_chestplate":1,"minecraft:shield":1,"minecraft:crafting_table":2,"minecraft:stick":8,"minecraft:wooden_pickaxe":1,"minecraft:iron_ingot":9,"minecraft:stone_pickaxe":1,"minecraft:furnace":1,"minecraft:torch":8,"minecraft:stone_axe":1,"minecraft:air":0,"minecraft:jungle_planks":24}},"DataVersion":3337}