{"stats":{"minecraft:mined":{"minecraft:deepslate_diamond_ore":3,"minecraft:jungle_leaves":2,"minecraft:oak_fence":2,"minecraft:clay":1,"minecraft:crafting_table":3,"minecraft:cave_vines_plant":1,"minecraft:granite":1,"minecraft:jungle_log":7,"minecraft:tall_grass":1,"minecraft:moss_block":7,"minecraft:oak_planks":10,"minecraft:wall_torch":1,"minecraft:furnace":3,"minecraft:iron_ore":33,"minecraft:andesite":1,"minecraft:moss_carpet":1,"minecraft:grass":7,"minecraft:oak_log":14,"minecraft:coal_ore":22,"minecraft:cave_vines":1,"minecraft:vine":1,"minecraft:gravel":4,"minecraft:dirt":2,"minecraft:azalea":1,"minecraft:stone":28},"minecraft:used":{"minecraft:moss_block":6,"minecraft:stone_pickaxe":77,"minecraft:wooden_pickaxe":24,"minecraft:shield":20,"minecraft:iron_sword":38,"minecraft:rotten_flesh":15,"minecraft:iron_chestplate":1,"minecraft:torch":4,"minecraft:glow_berries":44,"minecraft:dirt":1,"minecraft:crafting_table":4,"minecraft:granite":1,"minecraft:melon_slice":9,"minecraft:string":1,"minecraft:iron_pickaxe":4,"minecraft:gravel":4,"minecraft:stone_axe":72,"minecraft:cobblestone":14,"minecraft:furnace":3,"minecraft:andesite":1,"minecraft:iron_leggings":1},"minecraft:killed":{"minecraft:zombie_villager":2,"minecraft:spider":3,"minecraft:skeleton":4,"minecraft:zombie":8},"minecraft:picked_up":{"minecraft:crafting_table":4,"minecraft:andesite":1,"minecraft:jungle_log":6,"minecraft:wooden_pickaxe":1,"minecraft:oak_log":14,"minecraft:string":1,"minecraft:dirt":1,"minecraft:moss_carpet":1,"minecraft:bone":4,"minecraft:wheat_seeds":2,"minecraft:cobbled_deepslate":13,"minecraft:bamboo":8,"minecraft:moss_block":6,"minecraft:melon_slice":13,"minecraft:oak_planks":11,"minecraft:furnace":3,"minecraft:stick":16,"minecraft:raw_iron":43,"minecraft:oak_fence":4,"minecraft:torch":1,"minecraft:gravel":4,"minecraft:jungle_planks":29,"minecraft:arrow":3,"minecraft:rotten_flesh":17,"minecraft:diamond":3,"minecraft:granite":1,"minecraft:glow_berries":15,"minecraft:coal":47,"minecraft:rail":1,"minecraft:cobblestone":39},"minecraft:dropped":{"minecraft:moss_carpet":1,"minecraft:wheat_seeds":2,"minecraft:oak_fence":4,"minecraft:rotten_flesh":1,"minecraft:jungle_planks":3,"minecraft:rail":1},"minecraft:custom":{"minecraft:interact_with_furnace":19,"minecraft:mob_kills":20,"minecraft:interact_with_crafting_table":14,"minecraft:leave_game":5,"minecraft:time_since_death":10546,"minecraft:climb_one_cm":4194,"minecraft:time_since_rest":10582,"minecraft:sprint_one_cm":172675,"minecraft:damage_taken":2257,"minecraft:walk_one_cm":163580,"minecraft:damage_blocked_by_shield":785,"minecraft:drop":10,"minecraft:damage_dealt":4293,"minecraft:swim_one_cm":5924,"minecraft:fly_one_cm":64602,"minecraft:crouch_one_cm":21740,"minecraft:play_time":64787,"minecraft:deaths":5,"minecraft:sneak_time":7763,"minecraft:walk_under_water_one_cm":4664,"minecraft:jump":897,"minecraft:walk_on_water_one_cm":11027,"minecraft:total_world_time":64787,"minecraft:fall_one_cm":39788},"minecraft:crafted":{"minecraft:crafting_table":2,"minecraft:wooden_pickaxe":1,"minecraft:iron_helmet":1,"minecraft:iron_sword":1,"minecraft:furnace":1,"minecraft:stone_axe":1,"minecraft:air":0,"minecraft:jungle_planks":24,"minecraft:iron_chestplate":1,"minecraft:shield":1,"minecraft:stick":11,"minecraft:iron_ingot":23,"minecraft:iron_pickaxe":1,"minecraft:stone_pickaxe":1,"minecraft:iron_leggings":1,"minecraft:torch":8},"minecraft:killed_by":{"minecraft:player":1,"minecraft:skeleton":1,"minecraft:creeper":1}},"DataVersion":3337}