{"stats":{"minecraft:used":{"minecraft:stone_sword":8,"minecraft:tropical_fish":5,"minecraft:melon_slice":1,"minecraft:stone_pickaxe":81,"minecraft:wooden_pickaxe":10,"minecraft:wooden_shovel":22,"minecraft:dirt":11,"minecraft:crafting_table":2,"minecraft:furnace":1},"minecraft:mined":{"minecraft:podzol":1,"minecraft:iron_ore":4,"minecraft:crafting_table":1,"minecraft:granite":20,"minecraft:grass":2,"minecraft:coal_ore":18,"minecraft:oak_log":6,"minecraft:vine":2,"minecraft:jungle_log":2,"minecraft:dirt":23,"minecraft:bamboo":2,"minecraft:stone":47,"minecraft:oak_leaves":6},"minecraft:killed":{"minecraft:tropical_fish":5},"minecraft:picked_up":{"minecraft:crafting_table":1,"minecraft:stick":3,"minecraft:raw_iron":4,"minecraft:jungle_log":2,"minecraft:oak_log":6,"minecraft:dirt":23,"minecraft:stone_sword":1,"minecraft:tropical_fish":5,"minecraft:granite":20,"minecraft:bamboo":32,"minecraft:oak_sapling":4,"minecraft:melon_slice":7,"minecraft:coal":18,"minecraft:cobblestone":47},"minecraft:dropped":{"minecraft:stone_sword":1},"minecraft:custom":{"minecraft:time_since_rest":12398,"minecraft:interact_with_furnace":3,"minecraft:sprint_one_cm":10150,"minecraft:damage_taken":695,"minecraft:walk_one_cm":19370,"minecraft:mob_kills":5,"minecraft:drop":1,"minecraft:damage_dealt":206,"minecraft:swim_one_cm":29608,"minecraft:interact_with_crafting_table":8,"minecraft:fly_one_cm":12597,"minecraft:crouch_one_cm":3252,"minecraft:play_time":15141,"minecraft:deaths":2,"minecraft:sneak_time":1730,"minecraft:walk_under_water_one_cm":4357,"minecraft:jump":175,"minecraft:walk_on_water_one_cm":4923,"minecraft:time_since_death":12364,"minecraft:climb_one_cm":1385,"minecraft:total_world_time":15141,"minecraft:fall_one_cm":6895},"minecraft:killed_by":{"minecraft:creeper":1},"minecraft:crafted":{"minecraft:oak_planks":24,"minecraft:wooden_shovel":1,"minecraft:crafting_table":1,"minecraft:stick":12,"minecraft:wooden_pickaxe":1,"minecraft:stone_pickaxe":1,"minecraft:stone_sword":1,"minecraft:furnace":1,"minecraft:jungle_planks":4}},"DataVersion":3337}