{"stats":{"minecraft:mined":{"minecraft:vine":2,"minecraft:jungle_log":1},"minecraft:picked_up":{"minecraft:jungle_log":1,"minecraft:melon_slice":7},"minecraft:custom":{"minecraft:jump":55,"minecraft:time_since_rest":398,"minecraft:crouch_one_cm":1598,"minecraft:deaths":2,"minecraft:sprint_one_cm":4821,"minecraft:play_time":3141,"minecraft:damage_taken":550,"minecraft:time_since_death":364,"minecraft:walk_one_cm":4578,"minecraft:sneak_time":561,"minecraft:climb_one_cm":1328,"minecraft:total_world_time":3141,"minecraft:fall_one_cm":6282,"minecraft:fly_one_cm":7113},"minecraft:killed_by":{"minecraft:creeper":1}},"DataVersion":3337}