{"stats":{"minecraft:used":{"minecraft:stone_sword":8,"minecraft:tropical_fish":5,"minecraft:stone_pickaxe":265,"minecraft:wooden_pickaxe":40,"minecraft:shield":14,"minecraft:iron_sword":16,"minecraft:wooden_shovel":27,"minecraft:rotten_flesh":1,"minecraft:dirt":26,"minecraft:crafting_table":2,"minecraft:tuff":15,"minecraft:granite":24,"minecraft:melon_slice":7,"minecraft:iron_pickaxe":213,"minecraft:cobblestone":56,"minecraft:furnace":1},"minecraft:mined":{"minecraft:podzol":1,"minecraft:tuff":18,"minecraft:deepslate_diamond_ore":37,"minecraft:clay":7,"minecraft:crafting_table":1,"minecraft:granite":30,"minecraft:jungle_log":2,"minecraft:tall_grass":1,"minecraft:cobblestone":2,"minecraft:diorite":12,"minecraft:iron_ore":42,"minecraft:andesite":3,"minecraft:moss_carpet":1,"minecraft:grass":2,"minecraft:coal_ore":19,"minecraft:oak_log":6,"minecraft:vine":2,"minecraft:gravel":22,"minecraft:dirt":28,"minecraft:cobweb":1,"minecraft:bamboo":2,"minecraft:stone":150,"minecraft:oak_leaves":6,"minecraft:deepslate":172},"minecraft:broken":{"minecraft:stone_pickaxe":1},"minecraft:killed":{"minecraft:skeleton":1,"minecraft:zombie":3,"minecraft:tropical_fish":5},"minecraft:picked_up":{"minecraft:crafting_table":1,"minecraft:andesite":3,"minecraft:clay_ball":32,"minecraft:jungle_log":2,"minecraft:flint":1,"minecraft:tuff":18,"minecraft:oak_log":6,"minecraft:dirt":30,"minecraft:string":1,"minecraft:moss_carpet":1,"minecraft:bow":1,"minecraft:cobbled_deepslate":172,"minecraft:azalea":1,"minecraft:moss_block":1,"minecraft:bamboo":32,"minecraft:melon_slice":7,"minecraft:stick":3,"minecraft:raw_iron":42,"minecraft:gravel":21,"minecraft:diorite":12,"minecraft:stone_sword":1,"minecraft:rotten_flesh":1,"minecraft:diamond":37,"minecraft:tropical_fish":5,"minecraft:granite":30,"minecraft:oak_sapling":4,"minecraft:coal":19,"minecraft:cobblestone":152},"minecraft:dropped":{"minecraft:stone_sword":1},"minecraft:custom":{"minecraft:interact_with_furnace":11,"minecraft:mob_kills":9,"minecraft:interact_with_crafting_table":16,"minecraft:leave_game":5,"minecraft:time_since_death":43460,"minecraft:climb_one_cm":1385,"minecraft:time_since_rest":43494,"minecraft:sprint_one_cm":27422,"minecraft:damage_taken":917,"minecraft:walk_one_cm":51053,"minecraft:damage_blocked_by_shield":380,"minecraft:drop":1,"minecraft:damage_dealt":935,"minecraft:swim_one_cm":29608,"minecraft:fly_one_cm":18585,"minecraft:crouch_one_cm":12413,"minecraft:play_time":46237,"minecraft:deaths":2,"minecraft:sneak_time":9044,"minecraft:walk_under_water_one_cm":4357,"minecraft:jump":476,"minecraft:walk_on_water_one_cm":7192,"minecraft:total_world_time":46237,"minecraft:fall_one_cm":8615},"minecraft:killed_by":{"minecraft:creeper":1},"minecraft:crafted":{"minecraft:oak_planks":24,"minecraft:wooden_shovel":1,"minecraft:crafting_table":1,"minecraft:wooden_pickaxe":1,"minecraft:iron_helmet":1,"minecraft:iron_sword":1,"minecraft:furnace":1,"minecraft:air":0,"minecraft:jungle_planks":4,"minecraft:iron_chestplate":1,"minecraft:iron_boots":1,"minecraft:shield":1,"minecraft:iron_axe":1,"minecraft:stick":20,"minecraft:iron_ingot":39,"minecraft:iron_pickaxe":1,"minecraft:stone_pickaxe":5,"minecraft:stone_sword":1,"minecraft:iron_leggings":1}},"DataVersion":3337}