{"stats":{"minecraft:used":{"minecraft:stone_sword":8,"minecraft:tropical_fish":5,"minecraft:melon_slice":1,"minecraft:stone_pickaxe":172,"minecraft:wooden_pickaxe":40,"minecraft:wooden_shovel":22,"minecraft:dirt":13,"minecraft:crafting_table":2,"minecraft:furnace":1,"minecraft:granite":6},"minecraft:mined":{"minecraft:podzol":1,"minecraft:iron_ore":42,"minecraft:crafting_table":1,"minecraft:granite":24,"minecraft:grass":2,"minecraft:oak_log":6,"minecraft:coal_ore":18,"minecraft:vine":2,"minecraft:jungle_log":2,"minecraft:gravel":2,"minecraft:dirt":23,"minecraft:bamboo":2,"minecraft:stone":112,"minecraft:diorite":12,"minecraft:oak_leaves":6},"minecraft:broken":{"minecraft:stone_pickaxe":1},"minecraft:killed":{"minecraft:tropical_fish":5},"minecraft:picked_up":{"minecraft:raw_iron":41,"minecraft:stick":3,"minecraft:crafting_table":1,"minecraft:jungle_log":2,"minecraft:gravel":2,"minecraft:oak_log":6,"minecraft:diorite":12,"minecraft:dirt":24,"minecraft:stone_sword":1,"minecraft:tropical_fish":5,"minecraft:granite":24,"minecraft:bamboo":32,"minecraft:oak_sapling":4,"minecraft:melon_slice":7,"minecraft:coal":18,"minecraft:cobblestone":112},"minecraft:dropped":{"minecraft:stone_sword":1},"minecraft:custom":{"minecraft:time_since_rest":19494,"minecraft:interact_with_furnace":4,"minecraft:sprint_one_cm":14989,"minecraft:damage_taken":695,"minecraft:walk_one_cm":24871,"minecraft:mob_kills":5,"minecraft:drop":1,"minecraft:damage_dealt":206,"minecraft:swim_one_cm":29608,"minecraft:interact_with_crafting_table":9,"minecraft:fly_one_cm":14361,"minecraft:crouch_one_cm":7484,"minecraft:play_time":22237,"minecraft:deaths":2,"minecraft:sneak_time":4483,"minecraft:walk_under_water_one_cm":4357,"minecraft:jump":245,"minecraft:leave_game":5,"minecraft:time_since_death":19460,"minecraft:walk_on_water_one_cm":4923,"minecraft:total_world_time":22237,"minecraft:climb_one_cm":1385,"minecraft:fall_one_cm":6895},"minecraft:killed_by":{"minecraft:creeper":1},"minecraft:crafted":{"minecraft:oak_planks":24,"minecraft:wooden_shovel":1,"minecraft:crafting_table":1,"minecraft:stick":12,"minecraft:wooden_pickaxe":1,"minecraft:stone_pickaxe":5,"minecraft:stone_sword":1,"minecraft:furnace":1,"minecraft:jungle_planks":4}},"DataVersion":3337}