{"stats":{"minecraft:used":{"minecraft:water_bucket":45,"minecraft:diorite":4,"minecraft:stone_sword":8,"minecraft:tropical_fish":5,"minecraft:stone_pickaxe":265,"minecraft:wooden_pickaxe":40,"minecraft:shield":14,"minecraft:iron_sword":21,"minecraft:wooden_shovel":38,"minecraft:rotten_flesh":1,"minecraft:torch":3,"minecraft:dirt":26,"minecraft:crafting_table":4,"minecraft:tuff":18,"minecraft:granite":24,"minecraft:diamond_pickaxe":160,"minecraft:iron_axe":12,"minecraft:melon_slice":7,"minecraft:iron_pickaxe":221,"minecraft:cobblestone":76,"minecraft:furnace":1,"minecraft:bucket":45},"minecraft:mined":{"minecraft:podzol":1,"minecraft:tuff":20,"minecraft:deepslate_diamond_ore":37,"minecraft:clay":12,"minecraft:crafting_table":4,"minecraft:granite":30,"minecraft:grass_block":5,"minecraft:melon":4,"minecraft:jungle_log":2,"minecraft:tall_grass":1,"minecraft:cobblestone":2,"minecraft:deepslate_gold_ore":10,"minecraft:diorite":12,"minecraft:wall_torch":3,"minecraft:furnace":1,"minecraft:iron_ore":42,"minecraft:andesite":18,"minecraft:moss_carpet":1,"minecraft:deepslate_lapis_ore":2,"minecraft:grass":4,"minecraft:coal_ore":19,"minecraft:oak_log":8,"minecraft:vine":2,"minecraft:gravel":30,"minecraft:dirt":33,"minecraft:cobweb":1,"minecraft:bamboo":3,"minecraft:stone":177,"minecraft:oak_leaves":6,"minecraft:fern":1,"minecraft:deepslate":270},"minecraft:broken":{"minecraft:stone_pickaxe":1},"minecraft:killed":{"minecraft:skeleton":1,"minecraft:zombie":3,"minecraft:drowned":1,"minecraft:tropical_fish":5},"minecraft:picked_up":{"minecraft:crafting_table":3,"minecraft:andesite":18,"minecraft:clay_ball":52,"minecraft:jungle_log":2,"minecraft:flint":2,"minecraft:tuff":20,"minecraft:oak_log":8,"minecraft:lapis_lazuli":18,"minecraft:dirt":40,"minecraft:string":1,"minecraft:moss_carpet":1,"minecraft:bow":1,"minecraft:cobbled_deepslate":270,"minecraft:raw_gold":10,"minecraft:azalea":1,"minecraft:moss_block":1,"minecraft:bamboo":39,"minecraft:melon_slice":28,"minecraft:furnace":1,"minecraft:stick":3,"minecraft:raw_iron":42,"minecraft:torch":3,"minecraft:gravel":28,"minecraft:diorite":12,"minecraft:stone_sword":1,"minecraft:rotten_flesh":1,"minecraft:diamond":37,"minecraft:tropical_fish":5,"minecraft:granite":30,"minecraft:oak_sapling":4,"minecraft:coal":19,"minecraft:cobblestone":179},"minecraft:dropped":{"minecraft:gravel":21,"minecraft:iron_ingot":1,"minecraft:furnace":1,"minecraft:iron_sword":1,"minecraft:moss_block":1,"minecraft:moss_carpet":1,"minecraft:stone_sword":1,"minecraft:cobbled_deepslate":108,"minecraft:iron_helmet":1,"minecraft:oak_planks":10,"minecraft:iron_boots":1,"minecraft:granite":6,"minecraft:dirt":14,"minecraft:diorite":8,"minecraft:iron_chestplate":1,"minecraft:andesite":3,"minecraft:iron_leggings":1,"minecraft:stone_pickaxe":1,"minecraft:iron_pickaxe":1},"minecraft:custom":{"minecraft:interact_with_furnace":12,"minecraft:mob_kills":10,"minecraft:interact_with_crafting_table":21,"minecraft:leave_game":6,"minecraft:time_since_death":0,"minecraft:climb_one_cm":1927,"minecraft:time_since_rest":111,"minecraft:sprint_one_cm":48594,"minecraft:damage_taken":1750,"minecraft:walk_one_cm":73277,"minecraft:damage_blocked_by_shield":380,"minecraft:drop":21,"minecraft:damage_dealt":1095,"minecraft:swim_one_cm":55870,"minecraft:fly_one_cm":30613,"minecraft:crouch_one_cm":12878,"minecraft:play_time":65568,"minecraft:deaths":6,"minecraft:sneak_time":9235,"minecraft:walk_under_water_one_cm":11169,"minecraft:jump":655,"minecraft:walk_on_water_one_cm":15218,"minecraft:total_world_time":65568,"minecraft:fall_one_cm":12750},"minecraft:killed_by":{"minecraft:creeper":1,"minecraft:drowned":2},"minecraft:crafted":{"minecraft:oak_planks":32,"minecraft:wooden_shovel":1,"minecraft:diamond_sword":1,"minecraft:crafting_table":2,"minecraft:wooden_pickaxe":1,"minecraft:iron_helmet":1,"minecraft:iron_sword":1,"minecraft:furnace":1,"minecraft:bucket":1,"minecraft:air":0,"minecraft:jungle_planks":4,"minecraft:diamond_leggings":1,"minecraft:diamond_helmet":1,"minecraft:iron_chestplate":1,"minecraft:iron_boots":1,"minecraft:diamond_pickaxe":1,"minecraft:shield":1,"minecraft:iron_axe":1,"minecraft:stick":23,"minecraft:iron_ingot":42,"minecraft:iron_pickaxe":1,"minecraft:stone_pickaxe":5,"minecraft:stone_sword":1,"minecraft:diamond_boots":1,"minecraft:iron_leggings":1,"minecraft:torch":4,"minecraft:diamond_chestplate":1}},"DataVersion":3337}