{"stats":{"minecraft:used":{"minecraft:stone_sword":8,"minecraft:tropical_fish":5,"minecraft:stone_pickaxe":235,"minecraft:wooden_pickaxe":40,"minecraft:shield":2,"minecraft:iron_sword":14,"minecraft:wooden_shovel":25,"minecraft:dirt":17,"minecraft:crafting_table":2,"minecraft:granite":9,"minecraft:melon_slice":7,"minecraft:furnace":1},"minecraft:mined":{"minecraft:podzol":1,"minecraft:tuff":4,"minecraft:clay":2,"minecraft:crafting_table":1,"minecraft:granite":24,"minecraft:jungle_log":2,"minecraft:tall_grass":1,"minecraft:diorite":12,"minecraft:iron_ore":42,"minecraft:andesite":3,"minecraft:moss_carpet":1,"minecraft:grass":2,"minecraft:coal_ore":19,"minecraft:oak_log":6,"minecraft:vine":2,"minecraft:gravel":11,"minecraft:dirt":24,"minecraft:cobweb":1,"minecraft:bamboo":2,"minecraft:stone":143,"minecraft:oak_leaves":6,"minecraft:deepslate":14},"minecraft:broken":{"minecraft:stone_pickaxe":1},"minecraft:killed":{"minecraft:zombie":3,"minecraft:tropical_fish":5},"minecraft:picked_up":{"minecraft:crafting_table":1,"minecraft:andesite":3,"minecraft:clay_ball":12,"minecraft:jungle_log":2,"minecraft:tuff":4,"minecraft:oak_log":6,"minecraft:dirt":26,"minecraft:string":1,"minecraft:moss_carpet":1,"minecraft:cobbled_deepslate":14,"minecraft:azalea":1,"minecraft:moss_block":1,"minecraft:bamboo":32,"minecraft:melon_slice":7,"minecraft:stick":3,"minecraft:raw_iron":42,"minecraft:gravel":11,"minecraft:diorite":12,"minecraft:stone_sword":1,"minecraft:rotten_flesh":1,"minecraft:tropical_fish":5,"minecraft:granite":24,"minecraft:oak_sapling":4,"minecraft:coal":19,"minecraft:cobblestone":143},"minecraft:dropped":{"minecraft:stone_sword":1},"minecraft:custom":{"minecraft:interact_with_furnace":11,"minecraft:mob_kills":8,"minecraft:interact_with_crafting_table":16,"minecraft:leave_game":5,"minecraft:time_since_death":31460,"minecraft:climb_one_cm":1385,"minecraft:time_since_rest":31494,"minecraft:sprint_one_cm":24006,"minecraft:damage_taken":802,"minecraft:walk_one_cm":41476,"minecraft:damage_blocked_by_shield":25,"minecraft:drop":1,"minecraft:damage_dealt":796,"minecraft:swim_one_cm":29608,"minecraft:fly_one_cm":15399,"minecraft:crouch_one_cm":8272,"minecraft:play_time":34237,"minecraft:deaths":2,"minecraft:sneak_time":5333,"minecraft:walk_under_water_one_cm":4357,"minecraft:jump":317,"minecraft:walk_on_water_one_cm":4923,"minecraft:total_world_time":34237,"minecraft:fall_one_cm":6895},"minecraft:killed_by":{"minecraft:creeper":1},"minecraft:crafted":{"minecraft:oak_planks":24,"minecraft:wooden_shovel":1,"minecraft:crafting_table":1,"minecraft:wooden_pickaxe":1,"minecraft:iron_helmet":1,"minecraft:iron_sword":1,"minecraft:furnace":1,"minecraft:air":0,"minecraft:jungle_planks":4,"minecraft:iron_chestplate":1,"minecraft:iron_boots":1,"minecraft:shield":1,"minecraft:iron_axe":1,"minecraft:stick":20,"minecraft:iron_ingot":39,"minecraft:iron_pickaxe":1,"minecraft:stone_pickaxe":5,"minecraft:stone_sword":1,"minecraft:iron_leggings":1}},"DataVersion":3337}