{"stats":{"minecraft:mined":{"minecraft:deepslate_diamond_ore":21,"minecraft:crafting_table":1,"minecraft:grass_block":3,"minecraft:melon":48,"minecraft:jungle_planks":2,"minecraft:jungle_log":6,"minecraft:tall_grass":2,"minecraft:diorite":5,"minecraft:wall_torch":2,"minecraft:andesite":13,"minecraft:grass":10,"minecraft:coal_ore":77,"minecraft:oak_log":1,"minecraft:vine":2,"minecraft:dirt":11,"minecraft:bamboo":14,"minecraft:stone":62,"minecraft:deepslate":93,"minecraft:oak_leaves":1,"minecraft:fern":7},"minecraft:used":{"minecraft:stone_sword":62,"minecraft:melon":5,"minecraft:stone_pickaxe":190,"minecraft:wooden_pickaxe":59,"minecraft:shield":12,"minecraft:iron_sword":7,"minecraft:torch":10,"minecraft:dirt":2,"minecraft:crafting_table":2,"minecraft:jungle_planks":12,"minecraft:melon_slice":42,"minecraft:iron_pickaxe":22,"minecraft:bamboo":1,"minecraft:stone_axe":65},"minecraft:broken":{"minecraft:stone_pickaxe":1,"minecraft:wooden_pickaxe":1},"minecraft:killed":{"minecraft:spider":2,"minecraft:skeleton":4,"minecraft:zombie":3,"minecraft:drowned":2,"minecraft:cow":2},"minecraft:picked_up":{"minecraft:iron_chestplate":1,"minecraft:crafting_table":1,"minecraft:jungle_log":8,"minecraft:andesite":16,"minecraft:leather":1,"minecraft:wooden_pickaxe":1,"minecraft:oak_log":1,"minecraft:dirt":35,"minecraft:string":2,"minecraft:iron_leggings":1,"minecraft:wheat_seeds":2,"minecraft:cobbled_deepslate":93,"minecraft:beef":5,"minecraft:iron_ingot":1,"minecraft:stone_pickaxe":2,"minecraft:iron_pickaxe":1,"minecraft:bamboo":133,"minecraft:melon_slice":253,"minecraft:iron_sword":1,"minecraft:oak_planks":1,"minecraft:iron_boots":1,"minecraft:furnace":2,"minecraft:stick":1,"minecraft:torch":3,"minecraft:gravel":20,"minecraft:jungle_planks":2,"minecraft:diorite":5,"minecraft:rotten_flesh":7,"minecraft:stone_sword":1,"minecraft:arrow":3,"minecraft:diamond":21,"minecraft:stone_axe":1,"minecraft:iron_helmet":1,"minecraft:oak_sapling":1,"minecraft:coal":77,"minecraft:cobblestone":73},"minecraft:dropped":{"minecraft:stick":1,"minecraft:melon_slice":26},"minecraft:custom":{"minecraft:mob_kills":13,"minecraft:interact_with_crafting_table":6,"minecraft:leave_game":4,"minecraft:time_since_death":72347,"minecraft:climb_one_cm":8644,"minecraft:time_since_rest":72378,"minecraft:sprint_one_cm":98618,"minecraft:damage_taken":773,"minecraft:walk_one_cm":43376,"minecraft:damage_blocked_by_shield":350,"minecraft:drop":27,"minecraft:damage_dealt":2864,"minecraft:swim_one_cm":26886,"minecraft:fly_one_cm":97703,"minecraft:player_kills":1,"minecraft:open_chest":4,"minecraft:crouch_one_cm":1849,"minecraft:play_time":78819,"minecraft:deaths":1,"minecraft:sneak_time":1615,"minecraft:walk_under_water_one_cm":8985,"minecraft:jump":750,"minecraft:walk_on_water_one_cm":11495,"minecraft:total_world_time":78819,"minecraft:fall_one_cm":20631},"minecraft:crafted":{"minecraft:oak_planks":4,"minecraft:crafting_table":1,"minecraft:melon":5,"minecraft:wooden_pickaxe":1,"minecraft:furnace":1,"minecraft:stone_axe":1,"minecraft:jungle_planks":28,"minecraft:shield":1,"minecraft:stick":10,"minecraft:stone_pickaxe":1,"minecraft:stone_sword":1,"minecraft:torch":8}},"DataVersion":3337}