{"stats":{"minecraft:mined":{"minecraft:crafting_table":1,"minecraft:grass":8,"minecraft:oak_log":1,"minecraft:grass_block":2,"minecraft:coal_ore":23,"minecraft:melon":19,"minecraft:vine":2,"minecraft:jungle_log":6,"minecraft:dirt":4,"minecraft:tall_grass":2,"minecraft:bamboo":13,"minecraft:stone":18,"minecraft:wall_torch":2,"minecraft:oak_leaves":1,"minecraft:fern":5},"minecraft:used":{"minecraft:stone_sword":48,"minecraft:melon_slice":20,"minecraft:stone_pickaxe":25,"minecraft:wooden_pickaxe":16,"minecraft:torch":3,"minecraft:stone_axe":31,"minecraft:dirt":2,"minecraft:crafting_table":1,"minecraft:jungle_planks":9},"minecraft:killed":{"minecraft:skeleton":2,"minecraft:zombie":2,"minecraft:spider":1,"minecraft:drowned":1,"minecraft:cow":2},"minecraft:picked_up":{"minecraft:crafting_table":1,"minecraft:stick":1,"minecraft:jungle_log":8,"minecraft:leather":1,"minecraft:torch":3,"minecraft:wooden_pickaxe":1,"minecraft:oak_log":1,"minecraft:dirt":12,"minecraft:arrow":1,"minecraft:stone_sword":1,"minecraft:rotten_flesh":4,"minecraft:stone_axe":1,"minecraft:wheat_seeds":2,"minecraft:beef":5,"minecraft:stone_pickaxe":1,"minecraft:bamboo":113,"minecraft:melon_slice":109,"minecraft:oak_planks":1,"minecraft:coal":23,"minecraft:cobblestone":27,"minecraft:furnace":1},"minecraft:dropped":{"minecraft:melon_slice":26,"minecraft:stick":1},"minecraft:custom":{"minecraft:time_since_rest":24378,"minecraft:sprint_one_cm":54929,"minecraft:damage_taken":508,"minecraft:walk_one_cm":22428,"minecraft:mob_kills":8,"minecraft:drop":27,"minecraft:damage_dealt":1795,"minecraft:swim_one_cm":17758,"minecraft:interact_with_crafting_table":4,"minecraft:fly_one_cm":42796,"minecraft:player_kills":1,"minecraft:play_time":30819,"minecraft:crouch_one_cm":1333,"minecraft:sneak_time":620,"minecraft:deaths":1,"minecraft:walk_under_water_one_cm":4519,"minecraft:jump":416,"minecraft:leave_game":4,"minecraft:time_since_death":24347,"minecraft:walk_on_water_one_cm":5215,"minecraft:total_world_time":30819,"minecraft:climb_one_cm":6881,"minecraft:fall_one_cm":11817},"minecraft:crafted":{"minecraft:oak_planks":4,"minecraft:crafting_table":1,"minecraft:stick":10,"minecraft:wooden_pickaxe":1,"minecraft:stone_pickaxe":1,"minecraft:stone_sword":1,"minecraft:furnace":1,"minecraft:torch":8,"minecraft:stone_axe":1,"minecraft:jungle_planks":28}},"DataVersion":3337}