{"stats":{"minecraft:mined":{"minecraft:crafting_table":1,"minecraft:coal_ore":23,"minecraft:grass":4,"minecraft:oak_log":1,"minecraft:grass_block":2,"minecraft:melon":10,"minecraft:vine":1,"minecraft:jungle_log":2,"minecraft:dirt":4,"minecraft:tall_grass":2,"minecraft:bamboo":13,"minecraft:stone":18,"minecraft:wall_torch":1,"minecraft:oak_leaves":1,"minecraft:fern":3},"minecraft:used":{"minecraft:stone_sword":48,"minecraft:melon_slice":13,"minecraft:stone_pickaxe":25,"minecraft:wooden_pickaxe":16,"minecraft:torch":1,"minecraft:stone_axe":16,"minecraft:dirt":2,"minecraft:crafting_table":1},"minecraft:killed":{"minecraft:skeleton":2,"minecraft:zombie":2,"minecraft:drowned":1,"minecraft:spider":1,"minecraft:cow":2},"minecraft:picked_up":{"minecraft:stick":1,"minecraft:crafting_table":1,"minecraft:jungle_log":4,"minecraft:leather":1,"minecraft:torch":1,"minecraft:wooden_pickaxe":1,"minecraft:oak_log":1,"minecraft:dirt":12,"minecraft:arrow":1,"minecraft:stone_sword":1,"minecraft:rotten_flesh":4,"minecraft:stone_axe":1,"minecraft:wheat_seeds":2,"minecraft:beef":5,"minecraft:stone_pickaxe":1,"minecraft:bamboo":113,"minecraft:melon_slice":62,"minecraft:coal":23,"minecraft:oak_planks":1,"minecraft:cobblestone":27,"minecraft:furnace":1},"minecraft:dropped":{"minecraft:melon_slice":26,"minecraft:stick":1},"minecraft:custom":{"minecraft:time_since_rest":17041,"minecraft:sprint_one_cm":41806,"minecraft:damage_taken":508,"minecraft:walk_one_cm":19459,"minecraft:mob_kills":8,"minecraft:drop":27,"minecraft:damage_dealt":1795,"minecraft:interact_with_crafting_table":4,"minecraft:swim_one_cm":17758,"minecraft:player_kills":1,"minecraft:fly_one_cm":35626,"minecraft:crouch_one_cm":1143,"minecraft:play_time":23482,"minecraft:deaths":1,"minecraft:sneak_time":582,"minecraft:walk_under_water_one_cm":4519,"minecraft:jump":367,"minecraft:walk_on_water_one_cm":5215,"minecraft:time_since_death":17010,"minecraft:climb_one_cm":6881,"minecraft:total_world_time":23482,"minecraft:fall_one_cm":10981},"minecraft:crafted":{"minecraft:oak_planks":4,"minecraft:crafting_table":1,"minecraft:stick":10,"minecraft:wooden_pickaxe":1,"minecraft:stone_pickaxe":1,"minecraft:stone_sword":1,"minecraft:furnace":1,"minecraft:torch":8,"minecraft:stone_axe":1,"minecraft:jungle_planks":8}},"DataVersion":3337}