{"stats":{"minecraft:mined":{"minecraft:jungle_planks":2,"minecraft:crafting_table":1,"minecraft:grass":8,"minecraft:oak_log":1,"minecraft:grass_block":2,"minecraft:coal_ore":50,"minecraft:melon":19,"minecraft:vine":2,"minecraft:jungle_log":6,"minecraft:dirt":4,"minecraft:tall_grass":2,"minecraft:bamboo":13,"minecraft:stone":19,"minecraft:wall_torch":2,"minecraft:oak_leaves":1,"minecraft:fern":5},"minecraft:used":{"minecraft:stone_sword":52,"minecraft:melon_slice":20,"minecraft:stone_pickaxe":53,"minecraft:wooden_pickaxe":16,"minecraft:torch":10,"minecraft:stone_axe":33,"minecraft:dirt":2,"minecraft:crafting_table":1,"minecraft:jungle_planks":9},"minecraft:killed":{"minecraft:skeleton":2,"minecraft:zombie":2,"minecraft:spider":2,"minecraft:drowned":1,"minecraft:cow":2},"minecraft:picked_up":{"minecraft:crafting_table":1,"minecraft:stick":1,"minecraft:jungle_log":8,"minecraft:leather":1,"minecraft:torch":3,"minecraft:wooden_pickaxe":1,"minecraft:jungle_planks":2,"minecraft:oak_log":1,"minecraft:string":2,"minecraft:dirt":27,"minecraft:arrow":1,"minecraft:stone_sword":1,"minecraft:rotten_flesh":4,"minecraft:stone_axe":1,"minecraft:wheat_seeds":2,"minecraft:beef":5,"minecraft:stone_pickaxe":1,"minecraft:bamboo":113,"minecraft:melon_slice":109,"minecraft:oak_planks":1,"minecraft:coal":50,"minecraft:cobblestone":30,"minecraft:furnace":1},"minecraft:dropped":{"minecraft:melon_slice":26,"minecraft:stick":1},"minecraft:custom":{"minecraft:time_since_rest":48378,"minecraft:sprint_one_cm":62740,"minecraft:damage_taken":578,"minecraft:walk_one_cm":25379,"minecraft:mob_kills":9,"minecraft:drop":27,"minecraft:damage_dealt":2005,"minecraft:open_chest":3,"minecraft:swim_one_cm":17758,"minecraft:interact_with_crafting_table":4,"minecraft:fly_one_cm":52547,"minecraft:player_kills":1,"minecraft:play_time":54819,"minecraft:crouch_one_cm":1539,"minecraft:sneak_time":1185,"minecraft:deaths":1,"minecraft:walk_under_water_one_cm":4519,"minecraft:jump":481,"minecraft:leave_game":4,"minecraft:time_since_death":48347,"minecraft:walk_on_water_one_cm":5215,"minecraft:total_world_time":54819,"minecraft:climb_one_cm":6881,"minecraft:fall_one_cm":12863},"minecraft:crafted":{"minecraft:oak_planks":4,"minecraft:crafting_table":1,"minecraft:stick":10,"minecraft:wooden_pickaxe":1,"minecraft:stone_pickaxe":1,"minecraft:stone_sword":1,"minecraft:furnace":1,"minecraft:torch":8,"minecraft:stone_axe":1,"minecraft:jungle_planks":28}},"DataVersion":3337}