{"stats":{"minecraft:used":{"minecraft:nether_brick_fence":1,"minecraft:stone_sword":62,"minecraft:flint_and_steel":11,"minecraft:melon":5,"minecraft:shield":32,"minecraft:iron_sword":181,"minecraft:netherrack":41,"minecraft:torch":10,"minecraft:dirt":2,"minecraft:jungle_planks":13,"minecraft:nether_bricks":36,"minecraft:diamond_helmet":1,"minecraft:obsidian":5,"minecraft:bamboo":1,"minecraft:soul_soil":1,"minecraft:furnace":2,"minecraft:cooked_beef":5,"minecraft:cobbled_deepslate":129,"minecraft:birch_planks":2,"minecraft:stone_pickaxe":235,"minecraft:wooden_pickaxe":59,"minecraft:crafting_table":3,"minecraft:crossbow":3,"minecraft:diamond_pickaxe":83,"minecraft:bread":2,"minecraft:melon_slice":115,"minecraft:iron_pickaxe":28,"minecraft:gravel":20,"minecraft:golden_helmet":1,"minecraft:stone_axe":74,"minecraft:nether_wart_block":1,"minecraft:cooked_porkchop":6},"minecraft:mined":{"minecraft:nether_gold_ore":1,"minecraft:deepslate_diamond_ore":27,"minecraft:obsidian":5,"minecraft:nether_bricks":35,"minecraft:grass_block":3,"minecraft:jungle_planks":2,"minecraft:jungle_log":6,"minecraft:crimson_roots":4,"minecraft:soul_soil":1,"minecraft:nether_wart":10,"minecraft:crimson_stem":2,"minecraft:magma_block":1,"minecraft:furnace":2,"minecraft:iron_ore":8,"minecraft:cobbled_deepslate":1,"minecraft:fire":52,"minecraft:andesite":13,"minecraft:vine":3,"minecraft:bamboo":14,"minecraft:stone":62,"minecraft:soul_sand":6,"minecraft:soul_fire":1,"minecraft:crafting_table":1,"minecraft:melon":48,"minecraft:chest":1,"minecraft:tall_grass":2,"minecraft:diorite":5,"minecraft:wall_torch":2,"minecraft:nether_wart_block":1,"minecraft:birch_log":1,"minecraft:grass":18,"minecraft:oak_log":1,"minecraft:coal_ore":77,"minecraft:dirt":11,"minecraft:netherrack":39,"minecraft:oak_leaves":1,"minecraft:deepslate":129,"minecraft:fern":7},"minecraft:broken":{"minecraft:wooden_pickaxe":1,"minecraft:stone_pickaxe":1,"minecraft:iron_pickaxe":1},"minecraft:killed":{"minecraft:spider":2,"minecraft:skeleton":7,"minecraft:drowned":2,"minecraft:piglin":4,"minecraft:hoglin":6,"minecraft:creeper":1,"minecraft:zombie":6,"minecraft:wither_skeleton":5,"minecraft:cow":2,"minecraft:blaze":16},"minecraft:picked_up":{"minecraft:crafting_table":1,"minecraft:iron_chestplate":1,"minecraft:nether_wart":19,"minecraft:nether_brick_fence":1,"minecraft:wooden_pickaxe":1,"minecraft:string":2,"minecraft:soul_soil":2,"minecraft:iron_leggings":1,"minecraft:gold_nugget":3,"minecraft:cobbled_deepslate":130,"minecraft:beef":5,"minecraft:iron_pickaxe":1,"minecraft:melon_slice":253,"minecraft:chest":1,"minecraft:iron_boots":1,"minecraft:furnace":4,"minecraft:golden_helmet":1,"minecraft:stick":1,"minecraft:raw_iron":8,"minecraft:torch":3,"minecraft:porkchop":9,"minecraft:diorite":5,"minecraft:rotten_flesh":7,"minecraft:stone_sword":1,"minecraft:arrow":16,"minecraft:nether_bricks":36,"minecraft:blaze_rod":8,"minecraft:obsidian":5,"minecraft:cobblestone":73,"minecraft:birch_log":1,"minecraft:jungle_log":8,"minecraft:crimson_stem":2,"minecraft:andesite":16,"minecraft:leather":4,"minecraft:oak_log":1,"minecraft:nether_wart_block":1,"minecraft:gunpowder":2,"minecraft:dirt":35,"minecraft:bone":7,"minecraft:wheat_seeds":3,"minecraft:stone_pickaxe":2,"minecraft:iron_ingot":1,"minecraft:bamboo":133,"minecraft:soul_sand":8,"minecraft:oak_planks":1,"minecraft:iron_sword":1,"minecraft:gravel":20,"minecraft:jungle_planks":2,"minecraft:diamond":27,"minecraft:stone_axe":1,"minecraft:iron_helmet":1,"minecraft:crossbow":1,"minecraft:oak_sapling":1,"minecraft:coal":143,"minecraft:netherrack":43,"minecraft:crimson_roots":4},"minecraft:dropped":{"minecraft:crimson_planks":8,"minecraft:wheat_seeds":3,"minecraft:golden_helmet":1,"minecraft:cooked_porkchop":3,"minecraft:crossbow":1,"minecraft:leather":1,"minecraft:stick":3,"minecraft:dirt":27,"minecraft:diorite":5,"minecraft:crimson_roots":4,"minecraft:melon_slice":79,"minecraft:gold_nugget":3,"minecraft:bone":18,"minecraft:soul_soil":1,"minecraft:cobbled_deepslate":1,"minecraft:rotten_flesh":8,"minecraft:gunpowder":2,"minecraft:andesite":13,"minecraft:stone_pickaxe":1,"minecraft:netherrack":1},"minecraft:custom":{"minecraft:mob_kills":56,"minecraft:interact_with_crafting_table":8,"minecraft:leave_game":6,"minecraft:time_since_death":2995,"minecraft:climb_one_cm":9495,"minecraft:sprint_one_cm":237952,"minecraft:walk_one_cm":127149,"minecraft:damage_blocked_by_shield":845,"minecraft:drop":54,"minecraft:play_time":148897,"minecraft:deaths":5,"minecraft:sneak_time":6030,"minecraft:walk_under_water_one_cm":9245,"minecraft:jump":2267,"minecraft:walk_on_water_one_cm":13015,"minecraft:total_world_time":148897,"minecraft:interact_with_furnace":16,"minecraft:time_since_rest":3022,"minecraft:damage_taken":4115,"minecraft:damage_dealt":12450,"minecraft:swim_one_cm":70672,"minecraft:fly_one_cm":295422,"minecraft:player_kills":1,"minecraft:open_chest":13,"minecraft:crouch_one_cm":12040,"minecraft:fall_one_cm":63337},"minecraft:killed_by":{"minecraft:player":1,"minecraft:wither_skeleton":1,"minecraft:blaze":1},"minecraft:crafted":{"minecraft:oak_planks":4,"minecraft:melon":5,"minecraft:furnace":1,"minecraft:diamond_helmet":1,"minecraft:diamond_leggings":1,"minecraft:stone_pickaxe":1,"minecraft:diamond_boots":1,"minecraft:cooked_beef":5,"minecraft:crimson_planks":8,"minecraft:cooked_porkchop":9,"minecraft:crafting_table":2,"minecraft:wooden_pickaxe":1,"minecraft:birch_planks":4,"minecraft:stone_axe":1,"minecraft:air":0,"minecraft:jungle_planks":28,"minecraft:diamond_pickaxe":1,"minecraft:shield":1,"minecraft:stick":14,"minecraft:stone_sword":1,"minecraft:torch":8,"minecraft:diamond_chestplate":1}},"DataVersion":3337}