{"stats":{"minecraft:mined":{"minecraft:grass":1,"minecraft:oak_log":1,"minecraft:grass_block":2,"minecraft:melon":10,"minecraft:vine":1,"minecraft:jungle_log":2,"minecraft:dirt":4,"minecraft:stone":16,"minecraft:oak_leaves":1,"minecraft:fern":1},"minecraft:used":{"minecraft:stone_sword":4,"minecraft:melon_slice":4,"minecraft:wooden_pickaxe":16,"minecraft:stone_axe":11,"minecraft:crafting_table":1},"minecraft:picked_up":{"minecraft:stick":1,"minecraft:jungle_log":4,"minecraft:wooden_pickaxe":1,"minecraft:oak_log":1,"minecraft:dirt":12,"minecraft:stone_sword":1,"minecraft:stone_axe":1,"minecraft:wheat_seeds":2,"minecraft:stone_pickaxe":1,"minecraft:melon_slice":62,"minecraft:oak_planks":1,"minecraft:cobblestone":16,"minecraft:furnace":1},"minecraft:dropped":{"minecraft:melon_slice":24,"minecraft:stick":1},"minecraft:custom":{"minecraft:time_since_rest":5041,"minecraft:sprint_one_cm":15084,"minecraft:damage_taken":308,"minecraft:walk_one_cm":9880,"minecraft:drop":25,"minecraft:damage_dealt":329,"minecraft:interact_with_crafting_table":4,"minecraft:swim_one_cm":7165,"minecraft:player_kills":1,"minecraft:fly_one_cm":17824,"minecraft:crouch_one_cm":878,"minecraft:play_time":11482,"minecraft:deaths":1,"minecraft:sneak_time":407,"minecraft:walk_under_water_one_cm":1225,"minecraft:jump":191,"minecraft:walk_on_water_one_cm":1345,"minecraft:time_since_death":5010,"minecraft:climb_one_cm":6018,"minecraft:total_world_time":11482,"minecraft:fall_one_cm":6926},"minecraft:crafted":{"minecraft:oak_planks":4,"minecraft:crafting_table":1,"minecraft:stick":8,"minecraft:wooden_pickaxe":1,"minecraft:stone_pickaxe":1,"minecraft:stone_sword":1,"minecraft:furnace":1,"minecraft:stone_axe":1,"minecraft:jungle_planks":8}},"DataVersion":3337}