{"stats":{"minecraft:mined":{"minecraft:crafting_table":1,"minecraft:grass_block":2,"minecraft:melon":36,"minecraft:jungle_planks":2,"minecraft:jungle_log":6,"minecraft:tall_grass":2,"minecraft:wall_torch":2,"minecraft:grass":9,"minecraft:coal_ore":77,"minecraft:oak_log":1,"minecraft:vine":2,"minecraft:dirt":5,"minecraft:bamboo":14,"minecraft:stone":20,"minecraft:oak_leaves":1,"minecraft:fern":6},"minecraft:used":{"minecraft:stone_sword":62,"minecraft:melon":5,"minecraft:stone_pickaxe":81,"minecraft:wooden_pickaxe":16,"minecraft:shield":12,"minecraft:iron_sword":7,"minecraft:torch":10,"minecraft:dirt":2,"minecraft:crafting_table":2,"minecraft:jungle_planks":12,"minecraft:melon_slice":35,"minecraft:bamboo":1,"minecraft:stone_axe":51},"minecraft:killed":{"minecraft:spider":2,"minecraft:skeleton":4,"minecraft:zombie":3,"minecraft:drowned":2,"minecraft:cow":2},"minecraft:picked_up":{"minecraft:iron_chestplate":1,"minecraft:crafting_table":1,"minecraft:jungle_log":8,"minecraft:andesite":3,"minecraft:leather":1,"minecraft:wooden_pickaxe":1,"minecraft:oak_log":1,"minecraft:dirt":28,"minecraft:string":2,"minecraft:iron_leggings":1,"minecraft:wheat_seeds":2,"minecraft:beef":5,"minecraft:iron_ingot":1,"minecraft:stone_pickaxe":2,"minecraft:iron_pickaxe":1,"minecraft:bamboo":133,"minecraft:melon_slice":196,"minecraft:iron_sword":1,"minecraft:oak_planks":1,"minecraft:iron_boots":1,"minecraft:furnace":2,"minecraft:stick":1,"minecraft:torch":3,"minecraft:gravel":20,"minecraft:jungle_planks":2,"minecraft:rotten_flesh":7,"minecraft:stone_sword":1,"minecraft:arrow":3,"minecraft:stone_axe":1,"minecraft:iron_helmet":1,"minecraft:coal":77,"minecraft:cobblestone":31},"minecraft:dropped":{"minecraft:stick":1,"minecraft:melon_slice":26},"minecraft:custom":{"minecraft:mob_kills":13,"minecraft:interact_with_crafting_table":6,"minecraft:leave_game":4,"minecraft:time_since_death":60347,"minecraft:climb_one_cm":8532,"minecraft:time_since_rest":60378,"minecraft:sprint_one_cm":88628,"minecraft:damage_taken":773,"minecraft:walk_one_cm":36575,"minecraft:damage_blocked_by_shield":350,"minecraft:drop":27,"minecraft:damage_dealt":2864,"minecraft:swim_one_cm":26886,"minecraft:fly_one_cm":87034,"minecraft:player_kills":1,"minecraft:open_chest":3,"minecraft:crouch_one_cm":1774,"minecraft:play_time":66819,"minecraft:deaths":1,"minecraft:sneak_time":1466,"minecraft:walk_under_water_one_cm":8863,"minecraft:jump":688,"minecraft:walk_on_water_one_cm":9754,"minecraft:total_world_time":66819,"minecraft:fall_one_cm":17887},"minecraft:crafted":{"minecraft:oak_planks":4,"minecraft:crafting_table":1,"minecraft:melon":5,"minecraft:wooden_pickaxe":1,"minecraft:furnace":1,"minecraft:stone_axe":1,"minecraft:jungle_planks":28,"minecraft:shield":1,"minecraft:stick":10,"minecraft:stone_pickaxe":1,"minecraft:stone_sword":1,"minecraft:torch":8}},"DataVersion":3337}