{"stats":{"minecraft:mined":{"minecraft:deepslate_diamond_ore":27,"minecraft:obsidian":5,"minecraft:crafting_table":1,"minecraft:grass_block":3,"minecraft:melon":48,"minecraft:jungle_planks":2,"minecraft:crimson_roots":4,"minecraft:jungle_log":6,"minecraft:tall_grass":2,"minecraft:diorite":5,"minecraft:wall_torch":2,"minecraft:magma_block":1,"minecraft:birch_log":1,"minecraft:fire":47,"minecraft:iron_ore":8,"minecraft:cobbled_deepslate":1,"minecraft:andesite":13,"minecraft:grass":18,"minecraft:oak_log":1,"minecraft:coal_ore":77,"minecraft:vine":3,"minecraft:dirt":11,"minecraft:bamboo":14,"minecraft:stone":62,"minecraft:netherrack":2,"minecraft:oak_leaves":1,"minecraft:deepslate":129,"minecraft:fern":7},"minecraft:used":{"minecraft:stone_sword":62,"minecraft:birch_planks":2,"minecraft:flint_and_steel":11,"minecraft:melon":5,"minecraft:stone_pickaxe":235,"minecraft:wooden_pickaxe":59,"minecraft:shield":13,"minecraft:iron_sword":62,"minecraft:netherrack":2,"minecraft:torch":10,"minecraft:dirt":2,"minecraft:crafting_table":3,"minecraft:jungle_planks":13,"minecraft:diamond_helmet":1,"minecraft:obsidian":5,"minecraft:diamond_pickaxe":8,"minecraft:melon_slice":65,"minecraft:iron_pickaxe":28,"minecraft:gravel":20,"minecraft:golden_helmet":1,"minecraft:bamboo":1,"minecraft:stone_axe":70,"minecraft:cobbled_deepslate":129},"minecraft:broken":{"minecraft:stone_pickaxe":1,"minecraft:iron_pickaxe":1,"minecraft:wooden_pickaxe":1},"minecraft:killed":{"minecraft:piglin":4,"minecraft:spider":2,"minecraft:hoglin":2,"minecraft:creeper":1,"minecraft:skeleton":6,"minecraft:zombie":6,"minecraft:drowned":2,"minecraft:cow":2},"minecraft:picked_up":{"minecraft:birch_log":1,"minecraft:iron_chestplate":1,"minecraft:crafting_table":1,"minecraft:jungle_log":8,"minecraft:andesite":16,"minecraft:leather":1,"minecraft:wooden_pickaxe":1,"minecraft:oak_log":1,"minecraft:gunpowder":2,"minecraft:dirt":35,"minecraft:string":2,"minecraft:iron_leggings":1,"minecraft:bone":2,"minecraft:wheat_seeds":3,"minecraft:cobbled_deepslate":130,"minecraft:beef":5,"minecraft:iron_ingot":1,"minecraft:stone_pickaxe":2,"minecraft:iron_pickaxe":1,"minecraft:bamboo":133,"minecraft:melon_slice":253,"minecraft:oak_planks":1,"minecraft:iron_sword":1,"minecraft:iron_boots":1,"minecraft:furnace":2,"minecraft:golden_helmet":1,"minecraft:raw_iron":8,"minecraft:stick":1,"minecraft:porkchop":3,"minecraft:torch":3,"minecraft:gravel":20,"minecraft:jungle_planks":2,"minecraft:diorite":5,"minecraft:rotten_flesh":7,"minecraft:stone_sword":1,"minecraft:arrow":5,"minecraft:diamond":27,"minecraft:stone_axe":1,"minecraft:iron_helmet":1,"minecraft:crossbow":1,"minecraft:netherrack":2,"minecraft:obsidian":5,"minecraft:oak_sapling":1,"minecraft:coal":77,"minecraft:crimson_roots":4,"minecraft:cobblestone":73},"minecraft:dropped":{"minecraft:golden_helmet":1,"minecraft:cobbled_deepslate":1,"minecraft:leather":1,"minecraft:stick":1,"minecraft:dirt":27,"minecraft:diorite":5,"minecraft:andesite":13,"minecraft:melon_slice":79,"minecraft:stone_pickaxe":1},"minecraft:custom":{"minecraft:mob_kills":27,"minecraft:interact_with_crafting_table":8,"minecraft:leave_game":5,"minecraft:time_since_death":2472,"minecraft:climb_one_cm":9216,"minecraft:time_since_rest":2512,"minecraft:sprint_one_cm":158262,"minecraft:damage_taken":1442,"minecraft:walk_one_cm":74077,"minecraft:damage_blocked_by_shield":400,"minecraft:drop":35,"minecraft:damage_dealt":6025,"minecraft:swim_one_cm":27916,"minecraft:fly_one_cm":186412,"minecraft:player_kills":1,"minecraft:open_chest":9,"minecraft:crouch_one_cm":3806,"minecraft:play_time":113502,"minecraft:deaths":2,"minecraft:sneak_time":2904,"minecraft:walk_under_water_one_cm":9120,"minecraft:jump":1372,"minecraft:walk_on_water_one_cm":12804,"minecraft:total_world_time":113502,"minecraft:fall_one_cm":37826},"minecraft:crafted":{"minecraft:oak_planks":4,"minecraft:crafting_table":2,"minecraft:melon":5,"minecraft:wooden_pickaxe":1,"minecraft:furnace":1,"minecraft:birch_planks":4,"minecraft:stone_axe":1,"minecraft:jungle_planks":28,"minecraft:diamond_pickaxe":1,"minecraft:diamond_leggings":1,"minecraft:diamond_helmet":1,"minecraft:shield":1,"minecraft:stick":14,"minecraft:stone_pickaxe":1,"minecraft:stone_sword":1,"minecraft:diamond_boots":1,"minecraft:torch":8,"minecraft:diamond_chestplate":1}},"DataVersion":3337}